heuristica,n,m,replicacao,tempo,iteracoes,valor,parametro
Melhor Melhora,31,10,0,9,22,177,0
Melhor Melhora,31,10,1,0,23,213,0
Melhor Melhora,31,10,2,0,19,150,0
Melhor Melhora,31,10,3,0,21,157,0
Melhor Melhora,31,10,4,0,22,169,0
Melhor Melhora,31,10,5,0,21,200,0
Melhor Melhora,31,10,6,0,19,178,0
Melhor Melhora,31,10,7,0,21,186,0
Melhor Melhora,31,10,8,0,22,153,0
Melhor Melhora,31,10,9,0,22,181,0
Melhor Melhora,100,10,0,4,67,501,0
Melhor Melhora,100,10,1,4,69,492,0
Melhor Melhora,100,10,2,3,69,533,0
Melhor Melhora,100,10,3,3,70,516,0
Melhor Melhora,100,10,4,2,65,469,0
Melhor Melhora,100,10,5,3,67,477,0
Melhor Melhora,100,10,6,3,72,547,0
Melhor Melhora,100,10,7,3,71,559,0
Melhor Melhora,100,10,8,3,63,470,0
Melhor Melhora,100,10,9,4,71,490,0
Melhor Melhora,89,20,0,4,70,203,0
Melhor Melhora,89,20,1,3,70,234,0
Melhor Melhora,89,20,2,6,71,250,0
Melhor Melhora,89,20,3,3,72,241,0
Melhor Melhora,89,20,4,3,73,269,0
Melhor Melhora,89,20,5,3,69,221,0
Melhor Melhora,89,20,6,3,71,248,0
Melhor Melhora,89,20,7,3,69,234,0
Melhor Melhora,89,20,8,3,68,225,0
Melhor Melhora,89,20,9,5,68,208,0
Melhor Melhora,400,20,0,54,309,1002,0
Melhor Melhora,400,20,1,54,311,1033,0
Melhor Melhora,400,20,2,49,312,1035,0
Melhor Melhora,400,20,3,51,311,1012,0
Melhor Melhora,400,20,4,28,313,1027,0
Melhor Melhora,400,20,5,21,316,1019,0
Melhor Melhora,400,20,6,20,309,1034,0
Melhor Melhora,400,20,7,25,319,1042,0
Melhor Melhora,400,20,8,21,307,996,0
Melhor Melhora,400,20,9,20,314,989,0
Melhor Melhora,353,50,0,14,302,362,0
Melhor Melhora,353,50,1,17,302,367,0
Melhor Melhora,353,50,2,16,307,373,0
Melhor Melhora,353,50,3,12,306,361,0
Melhor Melhora,353,50,4,15,304,366,0
Melhor Melhora,353,50,5,13,304,373,0
Melhor Melhora,353,50,6,11,304,363,0
Melhor Melhora,353,50,7,11,300,341,0
Melhor Melhora,353,50,8,10,306,374,0
Melhor Melhora,353,50,9,10,306,357,0
Melhor Melhora,2500,50,0,400,2150,2468,0
Melhor Melhora,2500,50,1,418,2154,2495,0
Melhor Melhora,2500,50,2,402,2165,2485,0
Melhor Melhora,2500,50,3,417,2160,2500,0
Melhor Melhora,2500,50,4,357,2156,2515,0
Melhor Melhora,2500,50,5,365,2161,2486,0
Melhor Melhora,2500,50,6,364,2162,2532,0
Melhor Melhora,2500,50,7,356,2149,2502,0
Melhor Melhora,2500,50,8,364,2149,2530,0
Melhor Melhora,2500,50,9,371,2165,2495,0
Melhor Melhora,31,10,0,1,30,184,0,1
Melhor Melhora,31,10,1,0,31,131,0,1
Melhor Melhora,31,10,2,0,29,169,0,1
Melhor Melhora,31,10,3,0,33,154,0,1
Melhor Melhora,31,10,4,0,28,146,0,1
Melhor Melhora,31,10,5,0,47,188,0,1
Melhor Melhora,31,10,6,0,33,177,0,1
Melhor Melhora,31,10,7,0,31,176,0,1
Melhor Melhora,31,10,8,0,29,172,0,1
Melhor Melhora,31,10,9,0,29,158,0,1
Melhor Melhora,100,10,0,1,87,511,0,1
Melhor Melhora,100,10,1,0,89,509,0,1
Melhor Melhora,100,10,2,1,89,520,0,1
Melhor Melhora,100,10,3,1,102,513,0,1
Melhor Melhora,100,10,4,1,87,533,0,1
Melhor Melhora,100,10,5,0,87,497,0,1
Melhor Melhora,100,10,6,1,155,506,0,1
Melhor Melhora,100,10,7,1,99,475,0,1
Melhor Melhora,100,10,8,1,98,492,0,1
Melhor Melhora,100,10,9,0,90,499,0,1
Melhor Melhora,89,20,0,1,87,235,0,1
Melhor Melhora,89,20,1,1,93,238,0,1
Melhor Melhora,89,20,2,1,85,209,0,1
Melhor Melhora,89,20,3,1,91,245,0,1
Melhor Melhora,89,20,4,1,86,236,0,1
Melhor Melhora,89,20,5,1,85,223,0,1
Melhor Melhora,89,20,6,1,97,245,0,1
Melhor Melhora,89,20,7,1,94,234,0,1
Melhor Melhora,89,20,8,0,85,222,0,1
Melhor Melhora,89,20,9,0,85,223,0,1
Melhor Melhora,400,20,0,12,358,1054,0,1
Melhor Melhora,400,20,1,11,350,954,0,1
Melhor Melhora,400,20,2,11,358,1007,0,1
Melhor Melhora,400,20,3,12,360,1006,0,1
Melhor Melhora,400,20,4,13,402,994,0,1
Melhor Melhora,400,20,5,13,382,950,0,1
Melhor Melhora,400,20,6,11,374,1052,0,1
Melhor Melhora,400,20,7,13,398,1001,0,1
Melhor Melhora,400,20,8,14,432,1019,0,1
Melhor Melhora,400,20,9,11,351,968,0,1
Melhor Melhora,353,50,0,12,359,357,0,1
Melhor Melhora,353,50,1,14,368,352,0,1
Melhor Melhora,353,50,2,13,369,370,0,1
Melhor Melhora,353,50,3,13,364,357,0,1
Melhor Melhora,353,50,4,13,376,353,0,1
Melhor Melhora,353,50,5,12,360,375,0,1
Melhor Melhora,353,50,6,12,359,380,0,1
Melhor Melhora,353,50,7,12,376,356,0,1
Melhor Melhora,353,50,8,12,369,382,0,1
Melhor Melhora,353,50,9,13,366,360,0,1
Melhor Melhora,2500,50,0,396,2409,2535,0,1
Melhor Melhora,2500,50,1,416,2508,2530,0,1
Melhor Melhora,2500,50,2,400,2440,2508,0,1
Melhor Melhora,2500,50,3,446,2664,2534,0,1
Melhor Melhora,2500,50,4,374,2308,2476,0,1
Melhor Melhora,2500,50,5,387,2378,2524,0,1
Melhor Melhora,2500,50,6,410,2483,2540,0,1
Melhor Melhora,2500,50,7,399,2445,2517,0,1
Melhor Melhora,2500,50,8,376,2280,2482,0,1
Melhor Melhora,2500,50,9,396,2420,2518,0,1
Melhor Melhora,31,10,0,0,47,175,0,2
Melhor Melhora,31,10,1,0,37,164,0,2
Melhor Melhora,31,10,2,0,56,181,0,2
Melhor Melhora,31,10,3,0,32,176,0,2
Melhor Melhora,31,10,4,0,36,181,0,2
Melhor Melhora,31,10,5,0,37,187,0,2
Melhor Melhora,31,10,6,0,35,151,0,2
Melhor Melhora,31,10,7,0,37,182,0,2
Melhor Melhora,31,10,8,0,44,158,0,2
Melhor Melhora,31,10,9,0,56,189,0,2
Melhor Melhora,100,10,0,1,93,526,0,2
Melhor Melhora,100,10,1,1,117,483,0,2
Melhor Melhora,100,10,2,1,93,468,0,2
Melhor Melhora,100,10,3,2,94,476,0,2
Melhor Melhora,100,10,4,1,142,550,0,2
Melhor Melhora,100,10,5,1,93,465,0,2
Melhor Melhora,100,10,6,1,94,548,0,2
Melhor Melhora,100,10,7,1,98,450,0,2
Melhor Melhora,100,10,8,1,106,502,0,2
Melhor Melhora,100,10,9,0,88,490,0,2
Melhor Melhora,89,20,0,1,88,223,0,2
Melhor Melhora,89,20,1,1,95,221,0,2
Melhor Melhora,89,20,2,1,123,222,0,2
Melhor Melhora,89,20,3,1,94,242,0,2
Melhor Melhora,89,20,4,1,94,242,0,2
Melhor Melhora,89,20,5,1,97,252,0,2
Melhor Melhora,89,20,6,1,97,248,0,2
Melhor Melhora,89,20,7,1,93,255,0,2
Melhor Melhora,89,20,8,1,89,244,0,2
Melhor Melhora,89,20,9,1,96,228,0,2
Melhor Melhora,400,20,0,14,419,1007,0,2
Melhor Melhora,400,20,1,17,532,1036,0,2
Melhor Melhora,400,20,2,11,350,943,0,2
Melhor Melhora,400,20,3,12,396,1050,0,2
Melhor Melhora,400,20,4,14,433,1003,0,2
Melhor Melhora,400,20,5,14,430,964,0,2
Melhor Melhora,400,20,6,12,389,994,0,2
Melhor Melhora,400,20,7,12,392,989,0,2
Melhor Melhora,400,20,8,15,401,1008,0,2
Melhor Melhora,400,20,9,13,403,1005,0,2
Melhor Melhora,353,50,0,13,371,358,0,2
Melhor Melhora,353,50,1,13,380,355,0,2
Melhor Melhora,353,50,2,13,379,367,0,2
Melhor Melhora,353,50,3,14,386,371,0,2
Melhor Melhora,353,50,4,15,412,365,0,2
Melhor Melhora,353,50,5,14,394,374,0,2
Melhor Melhora,353,50,6,13,383,357,0,2
Melhor Melhora,353,50,7,13,393,377,0,2
Melhor Melhora,353,50,8,14,379,367,0,2
Melhor Melhora,353,50,9,14,387,365,0,2
Melhor Melhora,2500,50,0,436,2590,2481,0,2
Melhor Melhora,2500,50,1,438,2480,2516,0,2
Melhor Melhora,2500,50,2,404,2347,2491,0,2
Melhor Melhora,2500,50,3,425,2340,2529,0,2
Melhor Melhora,2500,50,4,387,2340,2517,0,2
Melhor Melhora,2500,50,5,459,2700,2485,0,2
Melhor Melhora,2500,50,6,438,2464,2529,0,2
Melhor Melhora,2500,50,7,399,2462,2560,0,2
Melhor Melhora,2500,50,8,450,2784,2542,0,2
Melhor Melhora,2500,50,9,425,2565,2520,0,2
Melhor Melhora,31,10,0,0,34,142,0,3
Melhor Melhora,31,10,1,0,37,181,0,3
Melhor Melhora,31,10,2,0,32,151,0,3
Melhor Melhora,31,10,3,0,38,127,0,3
Melhor Melhora,31,10,4,0,34,164,0,3
Melhor Melhora,31,10,5,0,45,184,0,3
Melhor Melhora,31,10,6,0,32,187,0,3
Melhor Melhora,31,10,7,0,60,174,0,3
Melhor Melhora,31,10,8,0,35,180,0,3
Melhor Melhora,31,10,9,0,37,208,0,3
Melhor Melhora,100,10,0,1,113,551,0,3
Melhor Melhora,100,10,1,2,157,504,0,3
Melhor Melhora,100,10,2,1,91,531,0,3
Melhor Melhora,100,10,3,1,102,480,0,3
Melhor Melhora,100,10,4,0,89,496,0,3
Melhor Melhora,100,10,5,1,102,546,0,3
Melhor Melhora,100,10,6,1,139,514,0,3
Melhor Melhora,100,10,7,1,119,489,0,3
Melhor Melhora,100,10,8,1,91,518,0,3
Melhor Melhora,100,10,9,1,91,485,0,3
Melhor Melhora,89,20,0,1,99,257,0,3
Melhor Melhora,89,20,1,1,101,238,0,3
Melhor Melhora,89,20,2,1,96,237,0,3
Melhor Melhora,89,20,3,1,96,227,0,3
Melhor Melhora,89,20,4,1,100,218,0,3
Melhor Melhora,89,20,5,1,97,245,0,3
Melhor Melhora,89,20,6,1,106,239,0,3
Melhor Melhora,89,20,7,1,106,245,0,3
Melhor Melhora,89,20,8,1,95,221,0,3
Melhor Melhora,89,20,9,1,92,246,0,3
Melhor Melhora,400,20,0,22,620,984,0,3
Melhor Melhora,400,20,1,12,383,1040,0,3
Melhor Melhora,400,20,2,14,426,1073,0,3
Melhor Melhora,400,20,3,12,361,974,0,3
Melhor Melhora,400,20,4,13,366,996,0,3
Melhor Melhora,400,20,5,12,368,1033,0,3
Melhor Melhora,400,20,6,22,607,1021,0,3
Melhor Melhora,400,20,7,18,438,1083,0,3
Melhor Melhora,400,20,8,13,382,1004,0,3
Melhor Melhora,400,20,9,12,370,981,0,3
Melhor Melhora,353,50,0,15,396,374,0,3
Melhor Melhora,353,50,1,12,384,351,0,3
Melhor Melhora,353,50,2,13,384,370,0,3
Melhor Melhora,353,50,3,14,409,386,0,3
Melhor Melhora,353,50,4,15,399,360,0,3
Melhor Melhora,353,50,5,24,480,362,0,3
Melhor Melhora,353,50,6,13,384,358,0,3
Melhor Melhora,353,50,7,13,384,365,0,3
Melhor Melhora,353,50,8,13,398,373,0,3
Melhor Melhora,353,50,9,14,397,370,0,3
Melhor Melhora,2500,50,0,434,2654,2484,0,3
Melhor Melhora,2500,50,1,397,2380,2471,0,3
Melhor Melhora,2500,50,2,390,2389,2470,0,3
Melhor Melhora,2500,50,3,429,2621,2462,0,3
Melhor Melhora,2500,50,4,472,2918,2544,0,3
Melhor Melhora,2500,50,5,459,2781,2534,0,3
Melhor Melhora,2500,50,6,453,2759,2510,0,3
Melhor Melhora,2500,50,7,385,2391,2495,0,3
Melhor Melhora,2500,50,8,408,2531,2505,0,3
Melhor Melhora,2500,50,9,408,2514,2548,0,3
Melhor Melhora,31,10,0,0,42,187,0,4
Melhor Melhora,31,10,1,0,35,161,0,4
Melhor Melhora,31,10,2,0,49,186,0,4
Melhor Melhora,31,10,3,0,31,157,0,4
Melhor Melhora,31,10,4,0,33,156,0,4
Melhor Melhora,31,10,5,0,70,165,0,4
Melhor Melhora,31,10,6,0,44,154,0,4
Melhor Melhora,31,10,7,0,70,148,0,4
Melhor Melhora,31,10,8,0,36,154,0,4
Melhor Melhora,31,10,9,0,42,172,0,4
Melhor Melhora,100,10,0,2,180,465,0,4
Melhor Melhora,100,10,1,1,90,492,0,4
Melhor Melhora,100,10,2,1,102,532,0,4
Melhor Melhora,100,10,3,1,136,520,0,4
Melhor Melhora,100,10,4,1,109,528,0,4
Melhor Melhora,100,10,5,1,102,558,0,4
Melhor Melhora,100,10,6,2,160,500,0,4
Melhor Melhora,100,10,7,1,110,562,0,4
Melhor Melhora,100,10,8,1,98,522,0,4
Melhor Melhora,100,10,9,1,113,489,0,4
Melhor Melhora,89,20,0,1,107,224,0,4
Melhor Melhora,89,20,1,1,98,237,0,4
Melhor Melhora,89,20,2,1,94,243,0,4
Melhor Melhora,89,20,3,1,101,252,0,4
Melhor Melhora,89,20,4,1,108,215,0,4
Melhor Melhora,89,20,5,1,102,221,0,4
Melhor Melhora,89,20,6,1,93,234,0,4
Melhor Melhora,89,20,7,1,99,222,0,4
Melhor Melhora,89,20,8,1,107,213,0,4
Melhor Melhora,89,20,9,1,107,232,0,4
Melhor Melhora,400,20,0,14,456,995,0,4
Melhor Melhora,400,20,1,12,392,1047,0,4
Melhor Melhora,400,20,2,15,461,1014,0,4
Melhor Melhora,400,20,3,14,442,986,0,4
Melhor Melhora,400,20,4,11,358,961,0,4
Melhor Melhora,400,20,5,12,385,1017,0,4
Melhor Melhora,400,20,6,13,376,1030,0,4
Melhor Melhora,400,20,7,16,451,967,0,4
Melhor Melhora,400,20,8,18,516,1027,0,4
Melhor Melhora,400,20,9,12,380,942,0,4
Melhor Melhora,353,50,0,14,405,371,0,4
Melhor Melhora,353,50,1,14,398,370,0,4
Melhor Melhora,353,50,2,13,394,357,0,4
Melhor Melhora,353,50,3,13,385,357,0,4
Melhor Melhora,353,50,4,15,409,366,0,4
Melhor Melhora,353,50,5,13,382,354,0,4
Melhor Melhora,353,50,6,14,410,374,0,4
Melhor Melhora,353,50,7,14,391,343,0,4
Melhor Melhora,353,50,8,13,386,347,0,4
Melhor Melhora,353,50,9,14,409,375,0,4
Melhor Melhora,2500,50,0,394,2428,2525,0,4
Melhor Melhora,2500,50,1,512,3162,2534,0,4
Melhor Melhora,2500,50,2,458,2844,2513,0,4
Melhor Melhora,2500,50,3,416,2575,2525,0,4
Melhor Melhora,2500,50,4,392,2387,2475,0,4
Melhor Melhora,2500,50,5,480,2884,2551,0,4
Melhor Melhora,2500,50,6,396,2385,2453,0,4
Melhor Melhora,2500,50,7,438,2664,2529,0,4
Melhor Melhora,2500,50,8,417,2532,2529,0,4
Melhor Melhora,2500,50,9,423,2549,2536,0,4
Melhor Melhora,31,10,0,0,45,168,0,5
Melhor Melhora,31,10,1,0,38,163,0,5
Melhor Melhora,31,10,2,0,68,180,0,5
Melhor Melhora,31,10,3,0,42,177,0,5
Melhor Melhora,31,10,4,0,39,188,0,5
Melhor Melhora,31,10,5,0,71,153,0,5
Melhor Melhora,31,10,6,0,35,161,0,5
Melhor Melhora,31,10,7,0,60,166,0,5
Melhor Melhora,31,10,8,0,56,176,0,5
Melhor Melhora,31,10,9,0,60,194,0,5
Melhor Melhora,100,10,0,1,109,496,0,5
Melhor Melhora,100,10,1,2,161,479,0,5
Melhor Melhora,100,10,2,1,110,482,0,5
Melhor Melhora,100,10,3,1,127,483,0,5
Melhor Melhora,100,10,4,1,104,522,0,5
Melhor Melhora,100,10,5,2,179,521,0,5
Melhor Melhora,100,10,6,1,95,546,0,5
Melhor Melhora,100,10,7,1,99,586,0,5
Melhor Melhora,100,10,8,1,100,517,0,5
Melhor Melhora,100,10,9,1,117,550,0,5
Melhor Melhora,89,20,0,1,102,212,0,5
Melhor Melhora,89,20,1,1,114,213,0,5
Melhor Melhora,89,20,2,1,98,221,0,5
Melhor Melhora,89,20,3,1,108,226,0,5
Melhor Melhora,89,20,4,1,104,222,0,5
Melhor Melhora,89,20,5,1,98,243,0,5
Melhor Melhora,89,20,6,1,117,230,0,5
Melhor Melhora,89,20,7,1,106,241,0,5
Melhor Melhora,89,20,8,1,102,250,0,5
Melhor Melhora,89,20,9,1,101,234,0,5
Melhor Melhora,400,20,0,14,419,975,0,5
Melhor Melhora,400,20,1,13,407,1003,0,5
Melhor Melhora,400,20,2,15,464,1010,0,5
Melhor Melhora,400,20,3,14,427,1002,0,5
Melhor Melhora,400,20,4,18,527,985,0,5
Melhor Melhora,400,20,5,12,401,1069,0,5
Melhor Melhora,400,20,6,14,440,1055,0,5
Melhor Melhora,400,20,7,17,507,1002,0,5
Melhor Melhora,400,20,8,12,391,978,0,5
Melhor Melhora,400,20,9,16,485,957,0,5
Melhor Melhora,353,50,0,14,414,351,0,5
Melhor Melhora,353,50,1,16,413,373,0,5
Melhor Melhora,353,50,2,15,410,355,0,5
Melhor Melhora,353,50,3,14,424,379,0,5
Melhor Melhora,353,50,4,13,396,370,0,5
Melhor Melhora,353,50,5,14,409,363,0,5
Melhor Melhora,353,50,6,14,405,340,0,5
Melhor Melhora,353,50,7,13,395,364,0,5
Melhor Melhora,353,50,8,14,409,377,0,5
Melhor Melhora,353,50,9,15,421,366,0,5
Melhor Melhora,2500,50,0,418,2563,2508,0,5
Melhor Melhora,2500,50,1,393,2432,2499,0,5
Melhor Melhora,2500,50,2,400,2424,2452,0,5
Melhor Melhora,2500,50,3,402,2437,2529,0,5
Melhor Melhora,2500,50,4,403,2436,2493,0,5
Melhor Melhora,2500,50,5,423,2583,2524,0,5
Melhor Melhora,2500,50,6,421,2618,2529,0,5
Melhor Melhora,2500,50,7,422,2558,2556,0,5
Melhor Melhora,2500,50,8,398,2423,2511,0,5
Melhor Melhora,2500,50,9,488,2730,2544,0,5
Melhor Melhora,31,10,0,0,65,161,0,6
Melhor Melhora,31,10,1,0,57,161,0,6
Melhor Melhora,31,10,2,0,36,164,0,6
Melhor Melhora,31,10,3,0,62,177,0,6
Melhor Melhora,31,10,4,0,35,165,0,6
Melhor Melhora,31,10,5,0,46,168,0,6
Melhor Melhora,31,10,6,0,43,173,0,6
Melhor Melhora,31,10,7,0,36,191,0,6
Melhor Melhora,31,10,8,2,93,180,0,6
Melhor Melhora,31,10,9,0,42,236,0,6
Melhor Melhora,100,10,0,1,125,532,0,6
Melhor Melhora,100,10,1,2,161,491,0,6
Melhor Melhora,100,10,2,1,121,570,0,6
Melhor Melhora,100,10,3,1,104,481,0,6
Melhor Melhora,100,10,4,1,99,495,0,6
Melhor Melhora,100,10,5,1,104,530,0,6
Melhor Melhora,100,10,6,1,105,518,0,6
Melhor Melhora,100,10,7,1,113,526,0,6
Melhor Melhora,100,10,8,2,166,500,0,6
Melhor Melhora,100,10,9,1,130,528,0,6
Melhor Melhora,89,20,0,1,100,225,0,6
Melhor Melhora,89,20,1,1,105,241,0,6
Melhor Melhora,89,20,2,1,113,254,0,6
Melhor Melhora,89,20,3,1,98,229,0,6
Melhor Melhora,89,20,4,1,112,230,0,6
Melhor Melhora,89,20,5,1,108,224,0,6
Melhor Melhora,89,20,6,1,104,224,0,6
Melhor Melhora,89,20,7,1,113,226,0,6
Melhor Melhora,89,20,8,1,108,231,0,6
Melhor Melhora,89,20,9,1,103,240,0,6
Melhor Melhora,400,20,0,21,490,1058,0,6
Melhor Melhora,400,20,1,16,500,1055,0,6
Melhor Melhora,400,20,2,16,494,1052,0,6
Melhor Melhora,400,20,3,13,376,970,0,6
Melhor Melhora,400,20,4,16,490,1032,0,6
Melhor Melhora,400,20,5,18,512,990,0,6
Melhor Melhora,400,20,6,13,415,1046,0,6
Melhor Melhora,400,20,7,20,585,1014,0,6
Melhor Melhora,400,20,8,13,395,995,0,6
Melhor Melhora,400,20,9,14,441,1004,0,6
Melhor Melhora,353,50,0,14,420,389,0,6
Melhor Melhora,353,50,1,15,417,374,0,6
Melhor Melhora,353,50,2,15,409,345,0,6
Melhor Melhora,353,50,3,15,410,368,0,6
Melhor Melhora,353,50,4,15,429,382,0,6
Melhor Melhora,353,50,5,14,406,383,0,6
Melhor Melhora,353,50,6,15,423,371,0,6
Melhor Melhora,353,50,7,15,420,365,0,6
Melhor Melhora,353,50,8,15,395,362,0,6
Melhor Melhora,353,50,9,16,436,374,0,6
Melhor Melhora,2500,50,0,576,3377,2537,0,6
Melhor Melhora,2500,50,1,494,2998,2464,0,6
Melhor Melhora,2500,50,2,409,2488,2524,0,6
Melhor Melhora,2500,50,3,401,2417,2466,0,6
Melhor Melhora,2500,50,4,423,2462,2518,0,6
Melhor Melhora,2500,50,5,411,2474,2539,0,6
Melhor Melhora,2500,50,6,420,2445,2526,0,6
Melhor Melhora,2500,50,7,529,3174,2505,0,6
Melhor Melhora,2500,50,8,395,2426,2474,0,6
Melhor Melhora,2500,50,9,397,2451,2510,0,6
Melhor Melhora,31,10,0,0,90,196,0,7
Melhor Melhora,31,10,1,0,43,171,0,7
Melhor Melhora,31,10,2,0,40,171,0,7
Melhor Melhora,31,10,3,0,39,145,0,7
Melhor Melhora,31,10,4,0,44,150,0,7
Melhor Melhora,31,10,5,0,38,184,0,7
Melhor Melhora,31,10,6,0,38,162,0,7
Melhor Melhora,31,10,7,0,34,181,0,7
Melhor Melhora,31,10,8,0,42,183,0,7
Melhor Melhora,31,10,9,0,42,154,0,7
Melhor Melhora,100,10,0,1,111,524,0,7
Melhor Melhora,100,10,1,2,192,503,0,7
Melhor Melhora,100,10,2,1,113,499,0,7
Melhor Melhora,100,10,3,1,103,520,0,7
Melhor Melhora,100,10,4,1,115,493,0,7
Melhor Melhora,100,10,5,1,95,525,0,7
Melhor Melhora,100,10,6,1,107,566,0,7
Melhor Melhora,100,10,7,1,100,485,0,7
Melhor Melhora,100,10,8,1,94,510,0,7
Melhor Melhora,100,10,9,1,109,501,0,7
Melhor Melhora,89,20,0,1,92,214,0,7
Melhor Melhora,89,20,1,1,109,243,0,7
Melhor Melhora,89,20,2,1,107,245,0,7
Melhor Melhora,89,20,3,1,109,221,0,7
Melhor Melhora,89,20,4,1,99,243,0,7
Melhor Melhora,89,20,5,1,106,237,0,7
Melhor Melhora,89,20,6,1,122,207,0,7
Melhor Melhora,89,20,7,1,106,223,0,7
Melhor Melhora,89,20,8,1,119,237,0,7
Melhor Melhora,89,20,9,1,103,242,0,7
Melhor Melhora,400,20,0,23,658,988,0,7
Melhor Melhora,400,20,1,16,482,999,0,7
Melhor Melhora,400,20,2,21,589,1018,0,7
Melhor Melhora,400,20,3,13,403,1062,0,7
Melhor Melhora,400,20,4,23,651,939,0,7
Melhor Melhora,400,20,5,16,403,1050,0,7
Melhor Melhora,400,20,6,13,404,962,0,7
Melhor Melhora,400,20,7,12,387,1020,0,7
Melhor Melhora,400,20,8,15,446,988,0,7
Melhor Melhora,400,20,9,13,406,982,0,7
Melhor Melhora,353,50,0,15,432,364,0,7
Melhor Melhora,353,50,1,14,406,348,0,7
Melhor Melhora,353,50,2,15,422,362,0,7
Melhor Melhora,353,50,3,15,404,366,0,7
Melhor Melhora,353,50,4,14,403,360,0,7
Melhor Melhora,353,50,5,15,420,364,0,7
Melhor Melhora,353,50,6,15,433,359,0,7
Melhor Melhora,353,50,7,15,403,367,0,7
Melhor Melhora,353,50,8,15,423,359,0,7
Melhor Melhora,353,50,9,14,403,335,0,7
Melhor Melhora,2500,50,0,451,2629,2494,0,7
Melhor Melhora,2500,50,1,438,2643,2532,0,7
Melhor Melhora,2500,50,2,473,2882,2474,0,7
Melhor Melhora,2500,50,3,405,2482,2521,0,7
Melhor Melhora,2500,50,4,410,2458,2510,0,7
Melhor Melhora,2500,50,5,440,2675,2535,0,7
Melhor Melhora,2500,50,6,412,2470,2466,0,7
Melhor Melhora,2500,50,7,405,2484,2458,0,7
Melhor Melhora,2500,50,8,529,3175,2479,0,7
Melhor Melhora,2500,50,9,410,2481,2512,0,7
Melhor Melhora,31,10,0,0,53,180,0,8
Melhor Melhora,31,10,1,0,37,152,0,8
Melhor Melhora,31,10,2,0,54,199,0,8
Melhor Melhora,31,10,3,0,42,172,0,8
Melhor Melhora,31,10,4,0,102,181,0,8
Melhor Melhora,31,10,5,0,36,158,0,8
Melhor Melhora,31,10,6,0,93,186,0,8
Melhor Melhora,31,10,7,0,39,159,0,8
Melhor Melhora,31,10,8,0,36,144,0,8
Melhor Melhora,31,10,9,0,39,159,0,8
Melhor Melhora,100,10,0,1,142,502,0,8
Melhor Melhora,100,10,1,1,127,565,0,8
Melhor Melhora,100,10,2,2,182,458,0,8
Melhor Melhora,100,10,3,1,108,520,0,8
Melhor Melhora,100,10,4,2,144,463,0,8
Melhor Melhora,100,10,5,1,111,486,0,8
Melhor Melhora,100,10,6,1,131,476,0,8
Melhor Melhora,100,10,7,2,147,488,0,8
Melhor Melhora,100,10,8,1,106,508,0,8
Melhor Melhora,100,10,9,1,110,549,0,8
Melhor Melhora,89,20,0,1,109,213,0,8
Melhor Melhora,89,20,1,1,122,244,0,8
Melhor Melhora,89,20,2,1,114,230,0,8
Melhor Melhora,89,20,3,1,117,250,0,8
Melhor Melhora,89,20,4,1,105,238,0,8
Melhor Melhora,89,20,5,1,106,232,0,8
Melhor Melhora,89,20,6,1,108,231,0,8
Melhor Melhora,89,20,7,1,108,237,0,8
Melhor Melhora,89,20,8,1,119,209,0,8
Melhor Melhora,89,20,9,1,107,246,0,8
Melhor Melhora,400,20,0,19,550,1051,0,8
Melhor Melhora,400,20,1,12,379,1027,0,8
Melhor Melhora,400,20,2,17,513,1049,0,8
Melhor Melhora,400,20,3,23,653,1026,0,8
Melhor Melhora,400,20,4,19,561,1014,0,8
Melhor Melhora,400,20,5,15,469,980,0,8
Melhor Melhora,400,20,6,13,409,1042,0,8
Melhor Melhora,400,20,7,16,458,1066,0,8
Melhor Melhora,400,20,8,13,411,1042,0,8
Melhor Melhora,400,20,9,17,515,1023,0,8
Melhor Melhora,353,50,0,15,425,365,0,8
Melhor Melhora,353,50,1,15,433,365,0,8
Melhor Melhora,353,50,2,14,395,344,0,8
Melhor Melhora,353,50,3,15,429,362,0,8
Melhor Melhora,353,50,4,14,401,355,0,8
Melhor Melhora,353,50,5,15,422,381,0,8
Melhor Melhora,353,50,6,15,429,373,0,8
Melhor Melhora,353,50,7,15,434,372,0,8
Melhor Melhora,353,50,8,14,419,360,0,8
Melhor Melhora,353,50,9,15,415,374,0,8
Melhor Melhora,2500,50,0,530,3222,2507,0,8
Melhor Melhora,2500,50,1,402,2474,2461,0,8
Melhor Melhora,2500,50,2,414,2497,2487,0,8
Melhor Melhora,2500,50,3,410,2487,2513,0,8
Melhor Melhora,2500,50,4,544,3236,2533,0,8
Melhor Melhora,2500,50,5,409,2517,2514,0,8
Melhor Melhora,2500,50,6,415,2541,2530,0,8
Melhor Melhora,2500,50,7,416,2484,2461,0,8
Melhor Melhora,2500,50,8,481,2851,2499,0,8
Melhor Melhora,2500,50,9,441,2685,2589,0,8
Melhor Melhora,31,10,0,0,47,181,0,9
Melhor Melhora,31,10,1,0,40,149,0,9
Melhor Melhora,31,10,2,0,44,186,0,9
Melhor Melhora,31,10,3,0,41,153,0,9
Melhor Melhora,31,10,4,0,65,192,0,9
Melhor Melhora,31,10,5,0,41,156,0,9
Melhor Melhora,31,10,6,0,48,178,0,9
Melhor Melhora,31,10,7,0,55,186,0,9
Melhor Melhora,31,10,8,0,60,158,0,9
Melhor Melhora,31,10,9,0,54,186,0,9
Melhor Melhora,100,10,0,1,125,522,0,9
Melhor Melhora,100,10,1,2,190,495,0,9
Melhor Melhora,100,10,2,1,160,491,0,9
Melhor Melhora,100,10,3,2,162,486,0,9
Melhor Melhora,100,10,4,3,188,482,0,9
Melhor Melhora,100,10,5,1,105,511,0,9
Melhor Melhora,100,10,6,1,110,517,0,9
Melhor Melhora,100,10,7,2,176,522,0,9
Melhor Melhora,100,10,8,1,104,477,0,9
Melhor Melhora,100,10,9,1,113,547,0,9
Melhor Melhora,89,20,0,1,110,248,0,9
Melhor Melhora,89,20,1,1,108,215,0,9
Melhor Melhora,89,20,2,1,115,205,0,9
Melhor Melhora,89,20,3,1,113,206,0,9
Melhor Melhora,89,20,4,1,111,223,0,9
Melhor Melhora,89,20,5,1,108,240,0,9
Melhor Melhora,89,20,6,1,103,242,0,9
Melhor Melhora,89,20,7,1,120,243,0,9
Melhor Melhora,89,20,8,1,115,234,0,9
Melhor Melhora,89,20,9,1,113,224,0,9
Melhor Melhora,400,20,0,14,412,939,0,9
Melhor Melhora,400,20,1,14,427,1065,0,9
Melhor Melhora,400,20,2,17,489,978,0,9
Melhor Melhora,400,20,3,26,729,1008,0,9
Melhor Melhora,400,20,4,13,413,1039,0,9
Melhor Melhora,400,20,5,22,619,1019,0,9
Melhor Melhora,400,20,6,19,559,1003,0,9
Melhor Melhora,400,20,7,26,733,1044,0,9
Melhor Melhora,400,20,8,16,477,989,0,9
Melhor Melhora,400,20,9,22,623,985,0,9
Melhor Melhora,353,50,0,15,427,353,0,9
Melhor Melhora,353,50,1,15,431,364,0,9
Melhor Melhora,353,50,2,15,438,366,0,9
Melhor Melhora,353,50,3,16,462,385,0,9
Melhor Melhora,353,50,4,14,408,356,0,9
Melhor Melhora,353,50,5,15,427,356,0,9
Melhor Melhora,353,50,6,15,437,370,0,9
Melhor Melhora,353,50,7,15,419,368,0,9
Melhor Melhora,353,50,8,15,436,364,0,9
Melhor Melhora,353,50,9,15,431,367,0,9
Melhor Melhora,2500,50,0,606,3599,2517,0,9
Melhor Melhora,2500,50,1,417,2528,2515,0,9
Melhor Melhora,2500,50,2,415,2514,2472,0,9
Melhor Melhora,2500,50,3,445,2719,2545,0,9
Melhor Melhora,2500,50,4,425,2557,2506,0,9
Melhor Melhora,2500,50,5,549,3155,2513,0,9
Melhor Melhora,2500,50,6,462,2736,2544,0,9
Melhor Melhora,2500,50,7,422,2502,2477,0,9
Melhor Melhora,2500,50,8,417,2528,2500,0,9
Melhor Melhora,2500,50,9,609,3622,2510,0,9
